Rebalancing Date:,Portfolio Value:,Portfolio returns:,Portfolio Running High Value:,Portfolio Maximum DrawDown:
2003-01-31,100.0,0.0,100.0,0.0
2003-02-28,96.2546429920921,-0.03745357007907901,104.82832291749217,-0.037453570079078985
2003-03-31,95.55893597874314,-0.0072277761541967855,113.88368011039867,-0.04441064021256864
2003-04-30,104.82832291749217,0.09700178056410125,115.36341747322643,-0.0
2003-05-30,113.88368011039867,0.08638273455956891,123.26033145041757,-0.0
2003-06-30,115.36341747322643,0.012993410130347938,130.09142406615345,-0.0
2003-07-31,123.26033145041757,0.06845249690200839,138.71281239764576,-0.0
2003-08-29,130.09142406615345,0.05542004094385988,140.47991935830046,-0.0
2003-09-30,128.2973053424855,-0.013791214421295162,148.7342760691193,-0.013791214421295193
2003-10-31,138.71281239764576,0.08118258623870878,153.13469990335267,-0.0
2003-11-28,140.47991935830046,0.012739320399538512,159.35423883796045,-0.0
2003-12-31,148.7342760691193,0.058758267719144275,169.83661198765537,-0.0
2004-01-30,153.13469990335267,0.029585808668530555,174.43104805730687,-0.0
2004-02-27,159.35423883796045,0.040614824324814114,175.17095826340986,-0.0
2004-03-31,156.49642157323223,-0.01793373860380454,186.8833498853972,-0.017933738603804577
2004-04-30,145.24493804329077,-0.071896107379531,196.21513142604607,-0.08854047998695998
2004-05-27,145.20887561551592,-0.0002482869851485603,205.65575567656688,-0.08876678352326893
2004-05-28,144.88645279861237,-0.002220407089696508,207.99610720301735,-0.09079009221750084
2004-06-28,141.95340958351838,-0.020243736791395017,222.17274258666785,-0.1091958982787783
2004-07-29,143.2606322429483,0.009208814802442733,245.5794743514025,-0.10099264828077119
2004-07-30,144.26980390854595,0.007044305541568763,250.84344028540067,-0.09465976581114434
2004-08-06,144.55791454301573,0.001997026589517059,270.2679236123759,-0.09285177729090963
2004-09-10,145.8894461587495,0.009211059940530397,272.8408335864983,-0.08449598063659063
2004-09-30,150.03242312661584,0.02839805809776097,278.8236832403014,-0.058497444305974894
2004-10-29,154.22015027987254,0.02791214769438599,285.7943526811663,-0.03221808591680146
2004-11-30,169.83661198765537,0.1012608383498701,290.13707150110145,-0.0
2004-12-30,174.43104805730687,0.02705209445643808,304.61663418133287,-0.0
2004-12-31,175.17095826340986,0.0042418492254883144,325.2790941370321,-0.0
2005-01-31,171.93617342190984,-0.018466444858032727,336.5141564755437,-0.018466444858032758
2005-02-28,186.8833498853972,0.08693444878995216,348.1961872822892,-0.0
2005-03-15,181.55682386810457,-0.028501875745265748,355.59491078244184,-0.028501875745265786
2005-04-11,181.6049825427699,0.00026525400499588514,363.8166717934128,-0.028244181976961318
2005-04-29,173.88417224489066,-0.04251430874734341,365.50430772461203,-0.0695577088514201
2005-05-31,180.1819953545353,0.036218495498112846,366.12470603976203,-0.035858488918201516
2005-06-30,185.46140238329232,0.029300413830854577,394.6613149943431,-0.007608743651999251
2005-07-29,196.21513142604607,0.05798364999165195,456.233688970818,-0.0
2005-08-31,194.55606491098553,-0.008455344412038102,507.0743199314194,-0.008455344412038122
2005-09-30,205.65575567656688,0.057051373703820296,519.5905160121962,-0.0
2005-10-03,205.0818161526302,-0.002790777831860436,527.5529053951509,-0.0027907778318604554
2005-11-10,203.9893515564005,-0.005326969580845997,531.6222657721705,-0.00810288102408926
2005-11-30,207.99610720301735,0.019641984329309636,544.6283268944829,-0.0
2005-12-30,222.17274258666785,0.06815817648843403,616.2310236676517,-0.0
2006-01-31,245.5794743514025,0.10535375083468601,676.2351306332038,-0.0
2006-02-28,242.0248034803894,-0.014474625293507515,738.1282844577545,-0.014474625293507501
2006-03-31,250.84344028540067,0.036436913399769955,742.5716653888727,-0.0
2006-04-28,270.2679236123759,0.0774366804444826,853.8280031458769,-0.0
2006-05-16,272.8408335864983,0.009519849561624438,933.3851902393716,-0.0
2006-05-26,272.2891495834735,-0.002021999404462016,991.1937904589527,-0.0020219994044620607
2006-05-31,267.52834697540374,-0.017484364012860798,1000.1963412337541,-0.01947101004370145
2006-06-01,266.47545226485266,-0.003935637933156544,1000.2935257559196,-0.023330017131133158
2006-08-04,272.37747234711264,0.022148456948274164,1020.6373392288335,-0.0016982840628903804
2006-08-31,278.8236832403014,0.023666461244540304,1048.28725129092,-0.0
2006-09-29,285.7943526811663,0.025000277450812014,1061.5841784564307,-0.0
2006-10-31,290.13707150110145,0.015195257636108517,1112.698366186342,-0.0
2006-11-30,304.61663418133287,0.04990593792553821,1113.6160961311598,-0.0
2006-12-29,325.2790941370321,0.06783102968500132,1136.94044043256,-0.0
2007-01-31,317.9644459022877,-0.022487298958299706,1191.238716880366,-0.02248729895829975
2007-02-28,311.84127894667307,-0.019257395078367767,1220.9210892010074,-0.04131164723638213
2007-03-30,315.827215632297,0.012781940540673498,1252.436480045984,-0.02905774971432143
2007-04-30,336.5141564755437,0.06550081759683302,1288.9011026702965,-0.0
2007-05-31,348.1961872822892,0.03471482724262298,1305.481387361443,-0.0
2007-06-29,355.59491078244184,0.021248720607484284,1339.7919418213787,-0.0
2007-07-31,363.8166717934128,0.02312114364314155,1379.3930507460643,-0.0
2007-08-08,365.50430772461203,0.004638698723948398,1382.8551757583186,-0.0
2007-08-14,366.12470603976203,0.0016973762060759068,1383.3600798979035,-0.0
2007-08-31,394.6613149943431,0.07794231988125366,1384.2256624251404,-0.0
2007-09-28,456.233688970818,0.15601319824659643,1426.3785303472646,-0.0
2007-10-31,507.0743199314194,0.11143550375529876,1644.1149230963608,-0.0
2007-11-30,459.2286713062019,-0.09435628416696096,1800.9192791703886,-0.09435628416696101
2007-12-31,465.1226590322323,0.012834537768005472,2054.1911195449866,-0.082732765691745
2008-01-31,464.3906591785393,-0.0015737780980528138,2173.5152921977515,-0.08417634077516083
2008-02-29,483.2213268792387,0.04054919565783033,2259.507350183195,-0.04704042802918269
2008-03-31,467.7423211599359,-0.03203295231042469,2327.609876927577,-0.07756653655188661
2008-04-30,491.64542187652415,0.05110313870532801,2563.076967976742,-0.030427291322861608
2008-05-30,519.5905160121962,0.056839935636968875,2700.4670898333134,-0.0
2008-06-23,486.14609683523645,-0.06436687765905014,2755.6897274851895,-0.0643668776590501
2008-07-14,527.5529053951509,0.08517359046893258,2858.4921283679387,-0.0
2008-07-17,500.5737202011789,-0.05114024568543296,2909.6892020496234,-0.05114024568543298
2008-07-24,491.3169580815089,-0.018492305420967248,2999.2411137466265,-0.06868685006388187
2008-07-29,492.7217163059948,0.002859169017839669,3255.087015609942,-0.06602406835967786
2008-08-04,490.4620075208046,-0.004586176558507571,3312.2291061104447,-0.070307446883577
2008-08-05,503.46301805568476,0.026507681197566857,3505.6654572225825,-0.04566345307381482
2008-09-05,517.7835483282691,0.028444055986254213,3546.823583486005,-0.01851825090331793
2008-09-12,523.5793279833773,0.011193441108394708,3600.458704163714,-0.007532092745839921
2008-11-17,531.6222657721705,0.015361450230992668,3733.530554724005,-0.0
2008-11-28,544.6283268944829,0.02446485401325571,3887.6822523251367,-0.0
2008-12-31,616.2310236676517,0.13147075397538255,3984.8432083165053,-0.0
2009-01-30,551.7093595005113,-0.10470369340239272,4170.332896872938,-0.10470369340239277
2009-02-27,542.3358577650365,-0.01698992698612367,4347.9583677350465,-0.1199147122824323
2009-03-31,543.6761486157791,0.0024713299545893186,4485.592655302362,-0.1177397311483026
2009-04-30,676.2351306332038,0.2438197488613858,4525.994863639228,-0.0
2009-05-29,738.1282844577545,0.09152608467205203,4558.239452475946,-0.0
2009-06-30,742.5716653888727,0.006019794966104497,4777.190330134051,-0.0
2009-07-31,853.8280031458769,0.1498257244958856,5094.795129831168,-0.0
2009-08-31,933.3851902393716,0.0931770647019905,5842.652086143411,-0.0
2009-09-30,991.1937904589527,0.061934344817230036,6976.182480023598,-0.0
2009-10-30,932.0162609834163,-0.05970328915008172,7511.080228651625,-0.05970328915008176
2009-11-30,1000.1963412337541,0.07315331620759236,7980.693786937529,-0.0
2009-12-31,1000.2935257559196,9.716544458227006e-05,9195.223504653286,-0.0
2010-01-29,952.1718943217581,-0.04810751064073526,9958.899884971815,-0.048107510640735256
2010-02-10,941.036130823177,-0.011695118880308053,9979.665086827179,-0.05924000646506427
2010-02-17,932.8329219024399,-0.008717209310083907,10514.895658674468,-0.06744080823926145
2010-02-26,935.5486954786245,0.0029113183212337024,11135.0163671552,-0.06472583157865348
2010-03-31,1020.6373392288335,0.09095052364610257,11170.26199404175,-0.0
2010-04-30,1048.28725129092,0.02709082942524721,11421.330299203848,-0.0
2010-05-28,977.1391654556901,-0.06787079185367773,12138.072578192694,-0.06787079185367768
2010-06-30,995.018609572667,0.018297745857560388,12367.700350749963,-0.050814928496607285
2010-07-30,996.5381159427545,0.001527113518751344,12689.964759876919,-0.049365415142117494
2010-08-31,973.7795256748284,-0.022837651569800554,12705.913613906405,-0.07107567656130381
2010-09-30,1030.7036747372772,0.058456917157916566,12853.793175068582,-0.01677362434007419
2010-10-29,1061.5841784564307,0.029960603106440553,,-0.0
2010-11-30,1044.7641856426735,-0.01584423840812499,,-0.015844238408124954
2010-12-30,1112.698366186342,0.0650234583815481,,-0.0
2010-12-31,1113.6160961311598,0.0008247787295341258,,-0.0
2011-01-31,1136.94044043256,0.020944690349243178,,-0.0
2011-02-28,1191.238716880366,0.047758241783665945,,-0.0
2011-03-31,1220.9210892010074,0.024917232709136705,,-0.0
2011-04-29,1211.5234025256782,-0.007697210539199695,,-0.007697210539199698
2011-05-31,1207.5673723427344,-0.0032653353411883357,,-0.010937411906785767
2011-06-30,1183.5745920605161,-0.019868688763651554,,-0.030588788637381514
2011-07-29,1156.103531432621,-0.02321024869253918,,-0.05308906393844357
2011-08-31,1252.436480045984,0.08332553789018271,,-0.0
2011-09-30,1288.9011026702965,0.029114947708145378,,-0.0
2011-10-31,1279.8266264136596,-0.007040475206233188,,-0.0070404752062332345
2011-11-30,1269.5943472255744,-0.007995051030277533,,-0.014979237277959537
2011-12-30,1305.481387361443,0.028266540579904076,,-0.0
2012-01-31,1339.7919418213787,0.02628191776007016,,-0.0
2012-02-29,1379.3930507460643,0.029557655699025798,,-0.0
2012-03-30,1382.8551757583186,0.0025098901363769244,,-0.0
2012-04-30,1383.3600798979035,0.00036511714924003513,,-0.0
2012-05-31,1331.9905803786937,-0.03713385998748853,,-0.03713385998748856
2012-06-29,1331.10939387309,-0.0006615561090177469,,-0.03777084996458019
2012-07-31,1291.9493349151214,-0.029419113964800236,,-0.06607877898972511
2012-08-31,1289.2456363468086,-0.0020927280159097617,,-0.06803322209358592
2012-09-28,1306.2196180039848,0.013165824400440451,,-0.055763111148625796
2012-10-31,1230.3594308262814,-0.05807613523185651,,-0.11060074039646571
2012-11-30,1254.7005663458935,0.0197837598589099,,-0.09300507902577716
2012-12-13,1272.9739104699956,0.014563908405110793,,-0.07979568807280797
2012-12-19,1266.6928662122432,-0.0049341500293854645,,-0.08433611420554415
2012-12-26,1252.8270282465592,-0.0109464877679043,,-0.09435941773090493
2013-01-02,1259.1631333812395,0.005057446073420291,,-0.08977918932417805
2013-01-31,1307.5019256455264,0.03838961845593625,,-0.054836159691680306
2013-02-28,1339.1732984537373,0.024222811597447214,,-0.03194163405917229
2013-03-28,1384.2256624251404,0.033641922239207034,,-0.0
2013-04-30,1426.3785303472646,0.030452309234227704,,-0.0
2013-05-31,1644.1149230963608,0.15264979675211898,,-0.0
2013-06-28,1604.7342213276252,-0.023952523765534584,,-0.023952523765534594
2013-07-31,1800.9192791703886,0.12225392543847913,,-0.0
2013-08-30,1777.7747109872134,-0.012851530021843582,,-0.012851530021843567
2013-09-30,2054.1911195449866,0.1554844980353427,,-0.0
2013-10-09,2053.8844324326005,-0.0001492982368913598,,-0.000149298236891403
2013-10-15,2043.8241268875574,-0.004898184818085238,,-0.005046751764619388
2013-10-31,1995.4296958650334,-0.023678373489122828,,-0.028605626380552706
2013-11-29,2044.7669305183504,0.02472511798113186,,-0.004587785886604221
2013-12-31,2022.6403055996714,-0.010821098770934179,,-0.01535923977331957
2014-01-31,1997.5985599898631,-0.012380721149717111,,-0.027549802458331614
2014-02-28,2173.5152921977515,0.088064106438273,,-0.0
2014-03-31,2105.102293060313,-0.031475738580271306,,-0.0314757385802713
2014-04-30,2067.900986584805,-0.0176719709052362,,-0.04859147114909613
2014-05-30,2090.0255514300916,0.010699044581349071,,-0.038412308883844656
2014-06-30,2165.5998017100496,0.036159486293479315,,-0.0036417919469515633
2014-07-31,2051.459963610837,-0.052705877609096174,,-0.05615572571541388
2014-08-29,2067.9256671751955,0.008026334345505148,,-0.04858011599991504
2014-09-30,1977.8215675923316,-0.04357221394033317,,-0.09003558673265374
2014-10-31,2049.4871847443424,0.0362346221349239,,-0.05706337006168381
2014-11-28,2154.593175545981,0.05128404392279706,,-0.00870576651551292
2014-12-31,2259.507350183195,0.048693264152119164,,-0.0
2015-01-30,2181.0837718184202,-0.03470826432957441,,-0.03470826432957441
2015-02-27,2192.7441109184415,0.005346121616548238,,-0.029547697315231283
2015-03-31,2327.609876927577,0.06150547404851814,,-0.0
2015-04-30,2563.076967976742,0.10116261035976493,,-0.0
2015-05-29,2500.9298230266786,-0.024247084939911567,,-0.02424708493991162
2015-06-30,2367.631462397299,-0.05329952060312482,,-0.07625424753971587
2015-07-01,2339.962923346809,-0.011686168007952857,,-0.08704929559959956
2015-07-08,2251.8922657962153,-0.0376376294991152,,-0.12141059596277809
2015-07-10,2324.4669030500395,0.03222829011678474,,-0.09309516175593348
2015-07-16,2238.302025678051,-0.03706866174731405,,-0.12671291044180533
2015-07-31,2227.97254551719,-0.00461487325765686,,-0.13074301967766444
2015-08-05,2236.6266927144266,0.0038843150085710043,,-0.12736655174269335
2015-08-11,2238.504866256133,0.0008397349221596073,,-0.1266337709619472
2015-08-13,2227.7589131806963,-0.004800504674983941,,-0.13082636962741742
2015-08-19,2250.409944685413,0.010167631412313138,,-0.12198893252048688
2015-08-20,2267.045202899882,0.007392101271928242,,-0.11549858579180446
2015-10-07,2231.918532980655,-0.01549447266172499,,-0.1292034687735104
2015-10-30,2312.000033523562,0.035880118095511504,,-0.09795918639594219
2015-11-30,2322.567486256466,0.004570697482559671,,-0.09383623072003595
2015-12-31,2290.007475884564,-0.014018972781015937,,-0.1065397159367146
2016-01-11,2023.7958419691142,-0.11624924229237277,,-0.2104037969773997
2016-01-15,2089.4680067165204,0.03244999489845202,,-0.1847814042174792
2016-01-29,2117.151498743991,0.013249062411332835,,-0.17398052216307744
2016-02-01,2101.0614205949228,-0.007599870939143272,,-0.1802581635878566
2016-02-05,2167.2631080450933,0.0315086873716548,,-0.15442917433888012
2016-02-29,2257.652752660875,0.04170681643601393,,-0.11916310712938298
2016-03-31,2352.1614362801765,0.041861479143731506,,-0.08228997190945035
2016-04-29,2481.4412834013533,0.05496214890999407,,-0.03185065668934265
2016-05-31,2423.6698103243025,-0.023281418530227138,,-0.0543905467507226
2016-06-30,2494.7007157243634,0.029307170926289094,,-0.0266774088748313
2016-07-29,2518.9650367490813,0.009726345477746978,,-0.01721053709225201
2016-08-31,2553.842607724687,0.013845992487699466,,-0.003602841571841087
2016-09-30,2700.4670898333134,0.05741328054639183,,-0.0
2016-10-31,2515.241514060055,-0.06859019925500787,,-0.06859019925500788
2016-11-08,2518.0130960246024,0.0011019148455742034,,-0.06756386496825367
2016-11-15,2755.6897274851895,0.09439054619526277,,-0.0
2016-11-30,2858.4921283679387,0.037305506442688596,,-0.0
2016-12-30,2909.6892020496234,0.017910517637463652,,-0.0
2017-01-31,2885.858022829573,-0.008190283416958488,,-0.008190283416958492
2017-02-28,2872.6527602872006,-0.004575853156291054,,-0.012728659039025139
2017-03-31,2893.1616694185354,0.007139362409149808,,-0.005680171139737456
2017-04-28,2999.2411137466265,0.03666557781729862,,-0.0
2017-05-31,3255.087015609942,0.08530354585054178,,-0.0
2017-06-30,3312.2291061104447,0.01755470444460472,,-0.0
2017-07-31,3505.6654572225825,0.05840065554501761,,-0.0
2017-08-31,3546.823583486005,0.011740460339313419,,-0.0
2017-09-29,3600.458704163714,0.015122015351266338,,-0.0
2017-10-31,3733.530554724005,0.0369596936097063,,-0.0
2017-11-30,3887.6822523251367,0.041288452134424114,,-0.0
2017-12-29,3984.8432083165053,0.024992000293557526,,-0.0
2018-01-31,4170.332896872938,0.04654880477337464,,-0.0
2018-02-28,4161.865707868991,-0.002030338875415927,,-0.0020303388754159563
2018-03-26,4167.771749922246,0.0014190852054856151,,-0.0006141348937905003
2018-04-30,4102.22705284392,-0.015726556301829286,,-0.016331032968635716
2018-05-04,4086.5763384784864,-0.003815175065598586,,-0.020083902284456855
2018-05-10,4074.032847731139,-0.0030694375213892178,,-0.02309169352259826
2018-05-16,4096.076179452479,0.00541069071979039,,-0.017805944814654938
2018-05-22,4087.157654537682,-0.0021773337516366453,,-0.019944509081666856
2018-05-24,4080.722283874844,-0.0015745344825868202,,-0.021487640246966283
2018-06-06,4078.1635639647097,-0.0006270262301958374,,-0.02210119316310226
2018-06-29,4022.257005421747,-0.013708758284479261,,-0.03550697153270994
2018-07-31,4068.3576040796806,0.011461375689269193,,-0.024452554583765333
2018-08-31,4081.7272274719176,0.0032862458744604695,,-0.021246665815925735
2018-09-28,4010.9014038785704,-0.01735192472359659,,-0.038229919993656936
2018-10-12,3745.990265597562,-0.06604778118575472,,-0.10175269978892172
2018-10-18,3770.571957376885,0.006562134452157142,,-0.09585828023364944
2018-10-19,3772.591865745243,0.0005357034400061966,,-0.09537392840411746
2018-10-26,3812.5201176761607,0.01058377194031035,,-0.08579957237108775
2018-10-29,3819.3407376711975,0.0017890056404985533,,-0.08416406264951344
2018-12-07,3832.9763517544397,0.0035701486250625525,,-0.08089439223699872
2018-12-10,3826.847414194422,-0.0015990021846109537,,-0.0823640441117
2018-12-17,3989.3235443412627,0.04245691363188131,,-0.04340405358704164
2018-12-31,4057.125743746643,0.016995913881579172,,-0.027145831262339305
2019-01-31,4102.139756462608,0.011095049934142676,,-0.01635196568155609
2019-02-28,4347.9583677350465,0.05992448474851941,,-0.0
2019-03-29,4340.855004584727,-0.0016337238192140058,,-0.0016337238192140155
2019-04-30,4485.592655302362,0.03334312032186415,,-0.0
2019-05-31,4099.189219574759,-0.08614322909389482,,-0.0861432290938948
2019-06-28,4302.80875875091,0.04967312516431588,,-0.04074910733041831
2019-07-31,4380.455621649341,0.018045622580951548,,-0.023438827760862247
2019-08-30,4376.169544326807,-0.0009784546843372155,,-0.024394348614381424
2019-09-30,4226.983667305158,-0.03409051580623779,,-0.05765324849359778
2019-10-31,4286.155551109059,0.013998607153745013,,-0.04446170651665186
2019-11-29,4342.3207253608325,0.013103858126950252,,-0.03194046828397792
2019-12-31,4525.994863639228,0.042298611709095546,,-0.0
2020-01-31,4525.333736043614,-0.00014607343037997822,,-0.00014607343037995401
2020-02-28,4558.239452475946,0.007271445235130791,,-0.0
2020-03-12,3962.164985585734,-0.1307685726265293,,-0.13076857262652924
2020-03-20,4282.291850273474,0.0807959451088871,,-0.060538197933542655
2020-03-31,4288.027476587035,0.0013393823947789318,,-0.059279899335287545
2020-04-30,4467.231574767448,0.04179173271600556,,-0.019965576327734078
2020-05-29,4777.190330134051,0.06938497594737703,,-0.0
2020-06-30,5094.795129831168,0.06648359762718625,,-0.0
2020-07-31,5842.652086143411,0.14678842568828188,,-0.0
2020-08-31,6976.182480023598,0.19400956571905037,,-0.0
2020-09-30,7511.080228651625,0.0766748504873136,,-0.0
2020-10-30,7980.693786937529,0.06252277222316516,,-0.0
2020-11-05,7250.124629108277,-0.09154206104549678,,-0.09154206104549673
2020-11-30,7949.737894216567,0.09649672259417952,,-0.003878847321723982
2020-12-31,9195.223504653286,0.1566700219566748,,-0.0
2021-01-29,9958.899884971815,0.08305142120059039,,-0.0
2021-02-26,9290.626359178823,-0.06710314728652222,,-0.06710314728652218
2021-03-31,9684.966631430998,0.042444960867743964,,-0.027506376879457183
2021-04-30,9979.665086827179,0.030428443030436902,,-0.0
2021-05-28,10514.895658674468,0.053632117630257437,,-0.0
2021-06-30,11135.0163671552,0.05897545050474662,,-0.0
2021-07-30,10436.345321524816,-0.06274539907199816,,-0.06274539907199818
2021-08-31,11029.850702246116,0.05686908227319809,,-0.009444590060890202
2021-09-30,11170.26199404175,0.012730117168951338,,-0.0
2021-10-29,11421.330299203848,0.022476492072971865,,-0.0
2021-11-30,10476.975774174402,-0.08268340905045668,,-0.08268340905045667
2021-12-30,10048.392995893013,-0.040907107882967475,,-0.12020817779926556
2021-12-31,10043.369910494344,-0.0004998894251768693,,-0.12064797642754083
2022-01-20,10142.98884686704,0.00991887556273352,,-0.11192579312988771
2022-04-11,12138.072578192694,0.19669584196988388,,-0.0
2022-04-22,11930.498781481449,-0.017101050877235124,,-0.017101050877235097
2022-07-28,12100.36345460542,0.014237851764222542,,-0.0031066813404149814
2022-07-29,12367.700350749963,0.02209329473015087,,-0.0
2022-08-24,12689.964759876919,0.02605693863753844,,-0.0
2022-08-30,12655.89163822321,-0.002685044623720434,,-0.0026850446237204647
2022-08-31,12705.913613906405,0.00395246554830786,,-0.0
2022-09-15,12556.478699600306,-0.01176105228218649,,-0.011761052282186546
2022-09-21,12853.793175068582,0.023678173043668593,,-0.0
2022-09-22,12356.838670694058,-0.03866208967314211,,-0.03866208967314213
2022-11-30,11465.87403908576,-0.07210295896484775,,-0.1079773975727921
2022-12-30,11570.98055051469,0.009166899188900457,,-0.09980031630212122
2023-01-31,12305.594479523992,0.06348761246311363,,-0.042648787644092856
2023-02-23,11621.690354636412,-0.05557668311153674,,-0.09585519259964256
2023-03-03,11562.078229079401,-0.005129385118510688,,-0.10049289951970063
2023-03-31,10400.372238576252,-0.10047553454372771,,-0.19087135626633728
2023-04-28,10117.309208376177,-0.027216624915612164,,-0.21289310707131437
2023-05-31,9966.060573473713,-0.014949492180909574,,-0.22465995541269176
2023-06-30,10902.503102407318,0.09396315846464942,,-0.1518065559391462
2023-07-31,11824.865714309883,0.0846009951328428,,-0.08004854650644475
2023-08-31,10375.02331709618,-0.12260962891605387,,-0.1928434528400739
2023-09-21,10595.612152869347,0.021261526748540094,,-0.1756820723223739
2023-11-03,11038.366278417921,0.04178655458133895,,-0.1412366662450965
2023-11-30,11171.13017941372,0.0120274955230808,,-0.1309078940929734
2023-12-29,12645.912365278302,0.13201727687162101,,-0.016172720920505323
2024-01-31,11544.931134936916,-0.08706222204768188,,-0.10182690994829098
2024-02-29,12525.872670620527,0.08496729207115972,,-0.025511574675411357
2024-03-28,12756.721223698829,0.018429738122738293,,-0.007552008193039501
2024-04-30,12205.98933320682,-0.04317189980360192,,-0.05039787345561558
2024-05-31,12672.136685478468,0.0381900507649533,,-0.014132520036377863
2024-06-28,11456.70760143735,-0.0959135080537703,,-0.10869052851581901
2024-07-31,11393.199190781586,-0.005543338702979295,,-0.11363135880542925
2024-08-30,11383.342754492483,-0.0008651157698601475,,-0.11439817029483618
2024-09-30,11451.352051866474,0.005974457489400509,,-0.1091071798107274
2024-10-31,10455.377400037441,-0.08697441553783136,,-0.18659206215353966
